{"cameraMode":{"drawMode":0,"name":"Shaded","section":"Shading Mode"},"sceneLighting":false,"audioPlay":false,"sceneViewState":{"showFog":true,"showMaterialUpdate":false,"showSkybox":false,"showFlares":true,"showImageEffects":true,"showParticleSystems":true},"in2DMode":false,"pivot":{"x":0.027790307998657228,"y":2.585441827774048,"z":0.0},"rotation":{"x":-0.011914445087313652,"y":0.7875770926475525,"z":-0.013536694459617138,"w":-0.6165821552276611},"size":3.0678458213806154,"orthographic":false}