{"cameraMode":{"drawMode":0,"name":"Shaded","section":"Shading Mode"},"sceneLighting":true,"audioPlay":false,"sceneViewState":{"showFog":true,"showMaterialUpdate":false,"showSkybox":false,"showFlares":true,"showImageEffects":true,"showParticleSystems":true},"in2DMode":false,"pivot":{"x":3.6600000858306886,"y":-1.4483107413142493e-18,"z":0.06522611528635025},"rotation":{"x":-0.00030802612309344113,"y":-0.0443890355527401,"z":0.00004139058000873774,"w":-0.9990474581718445},"size":10.0,"orthographic":false}