{"cameraMode":{"drawMode":0,"name":"Shaded","section":"Shading Mode"},"sceneLighting":false,"audioPlay":false,"sceneViewState":{"showFog":true,"showMaterialUpdate":false,"showSkybox":false,"showFlares":true,"showImageEffects":true,"showParticleSystems":true},"in2DMode":false,"pivot":{"x":-2.2814459800720217,"y":3.1384849548339845,"z":5.577827453613281},"rotation":{"x":0.10308769345283508,"y":0.3847177028656006,"z":-0.04456258565187454,"w":0.9165747165679932},"size":13.049782752990723,"orthographic":false}